job_title,company,location
"Data Analyst, Customer Experience Analytics",Autodesk,"San Francisco, CA"
Data Quality Analyst,Autodesk,"Portland, OR"
"Data Analyst, Genuine Protection",Autodesk,Montreal
Business Data Analyst (must work,RealTime Solutions,"Becker, MN"
Data Analyst with an Emphasis on Presentation,VS Media,"Westlake Village, Los Angeles, CA"
Senior Data Analyst,Autodesk,"San Francisco, CA"
Data Analyst,Comprehensive Healthcare,"Yakima, WA"
Data Analyst I,Cenlar,"Ewing, NJ"
Data Analytics Analyst,Inmar,"Rogers, AR"
Data Analyst,Zelis Healthcare,"Bedminster, NJ"
Data & Business Analyst,PennyMac,"Westlake Village, Los Angeles, CA"
Data Analyst,Sedgwick,"Dubuque, IA"
Data Analyst,Trupanion,"Seattle, WA"
Salesforce Data Analyst,Avalara,Remote
"Senior Data Analyst, Genuine Protection",Autodesk,Montreal
Data Analyst,DISH,"Englewood, CO"
Product Management Data Analyst,HP Inc.,"Spring, TX"
BI Data Analyst II,CHRISTUS Health,"Irving, TX"
Data Engineering Analyst,COUNTRY Financial,"Bloomington, IL"
Data Analyst,CopperPoint Insurance Companies,"Phoenix, AZ"
Data Analyst,Big Huge Games,"Timonium, MD"
Data Analyst,JMH Companies,"New Orleans, LA"
DATA INTEGRATION ANALYST - W2 ONLY!,Entelli Consulting,"Schaumburg, IL"
"Analyst, Data Analytics",Lincoln Financial,"Dover, NH"
Data Analyst,Allianz Partners,"Richmond, VA"
Data Driven Solutions Analyst,Harris,"Saint Paul, MN"
System Data Analyst (EPM),Clinica Family Health,"Lafayette, CO"
Data Analyst,DRB Capital,"Cresskill, NJ"
Data Analyst,ReGeneration Schools,"Chicago, IL"
Data Analyst,AIPSO,"Johnston, RI"
